[{"@type":"businessService","id":"@1","name":"Business Service2","description":"","type":"WebService","connectionId":"@8C8CdZp5241ihLW9p2bx0L","enableDynamicRefresh":false,"businessOperations":[{"@type":"businessOperation","id":"@dhgz8ghknMai0LKvfuSZWV@Oauth2.0","originName":"Oauth2.0","name":"Oauth2.0","description":"","configured":false,"metadataId":"@4","requestId":"@5","responseId":"@6","faultId":"@3","extensionXmlId":"@2"},{"@type":"businessOperation","id":"@dhgz8ghknMai0LKvfuSZWV@Oauth2.03","originName":"Oauth2.0","name":"Oauth2.03","description":"","configured":false,"metadataId":"@9","requestId":"@10","responseId":"@11","faultId":"@8","extensionXmlId":"@7"}]}]