[{"@type":"fileRecord","id":"@4","name":"metadata","type":"JSON","size":2628,"attachTime":1695102192000},{"@type":"fileRecord","id":"@5","name":"request","type":"XSD","size":6471,"attachTime":1695102192000},{"@type":"fileRecord","id":"@8","name":"fault","type":"XSD","size":6401,"attachTime":1695102192000},{"@type":"fileRecord","id":"@7","name":"extension","type":"XML","size":24380,"attachTime":1695102192000},{"@type":"fileRecord","id":"@10","name":"request","type":"XSD","size":6471,"attachTime":1695102192000},{"@type":"fileRecord","id":"@11","name":"response","type":"XSD","size":7996,"attachTime":1695102192000},{"@type":"fileRecord","id":"@2","name":"extension","type":"XML","size":24916,"attachTime":1695102192000},{"@type":"fileRecord","id":"@9","name":"metadata","type":"JSON","size":2628,"attachTime":1695102192000},{"@type":"fileRecord","id":"@6","name":"response","type":"XSD","size":7996,"attachTime":1695102192000},{"@type":"fileRecord","id":"@3","name":"fault","type":"XSD","size":6401,"attachTime":1695102192000}]