[{"@type":"mappingTemplate","id":"@1","name":"Mapping1","description":"","bundleVersion":"0","templateId":"@3","deployTime":1701858869000,"hasParameters":true,"valid":true,"fixedConnection":true,"hasParametersDeployed":true,"fixedConnectionDeployed":true,"isSchemaValidationEnabled":false,"tasks":1,"mappingPreviewFileRecordId":"@2","documentType":"MAPPING","references":[{"@type":"reference","refObjectId":"@9owW1Uv1rSbbcFknAtTwGb","refType":"connection"},{"@type":"reference","refObjectId":"@88puTZ0lFcGdXzBDTNWwyv","refType":"connection"}]}]