[{"@type":"mappingTemplate","id":"@1","name":"rest2.0_src_trg","description":"","bundleVersion":"0","templateId":"@3","hasParameters":false,"valid":true,"fixedConnection":true,"hasParametersDeployed":false,"fixedConnectionDeployed":false,"isSchemaValidationEnabled":false,"tasks":0,"mappingPreviewFileRecordId":"@2","documentType":"MAPPING","references":[{"@type":"reference","refObjectId":"@8C8CdZp5241ihLW9p2bx0L","refType":"connection"},{"@type":"reference","refObjectId":"@byRlTO0KtgEk5Hosb0fZQF","refType":"connection"}]}]