[{"@type":"mappingTemplate","id":"@1","name":"rest2.0_src_trg","description":"","bundleVersion":"0","templateId":"@3","deployTime":1712553685000,"hasParameters":false,"valid":true,"fixedConnection":true,"hasParametersDeployed":false,"fixedConnectionDeployed":true,"isSchemaValidationEnabled":false,"tasks":0,"mappingPreviewFileRecordId":"@2","documentType":"MAPPING","references":[{"@type":"reference","refObjectId":"@0nDZvKBkCItc229fTHBAUm","refType":"connection"},{"@type":"reference","refObjectId":"@keKeaGtuEMjjIDdSE8zamc","refType":"connection"}]}]