[{"@type":"mappingTemplate","id":"@1","name":"04624295","description":"","bundleVersion":"0","templateId":"@3","deployTime":1709727799000,"hasParameters":false,"valid":true,"fixedConnection":true,"hasParametersDeployed":false,"fixedConnectionDeployed":true,"isSchemaValidationEnabled":false,"tasks":1,"mappingPreviewFileRecordId":"@2","documentType":"MAPPING","references":[{"@type":"reference","refObjectId":"@cOhmV7984e7lCLpHoFnauD","refType":"connection"},{"@type":"reference","refObjectId":"@25OY7tH6uQnhXz0BgeFPGQ","refType":"connection"}]}]