[{"@type":"fileRecord","id":"@4","name":"metadata","type":"JSON","size":2628,"attachTime":1690725607000},{"@type":"fileRecord","id":"@5","name":"request","type":"XSD","size":6612,"attachTime":1690725607000},{"@type":"fileRecord","id":"@2","name":"extension","type":"XML","size":24916,"attachTime":1690725607000},{"@type":"fileRecord","id":"@6","name":"response","type":"XSD","size":8218,"attachTime":1690725607000},{"@type":"fileRecord","id":"@3","name":"fault","type":"XSD","size":6574,"attachTime":1690725607000}]