[{"@type":"mappingTemplate","id":"@1","name":"rest2.0_src_trg","description":"","bundleVersion":"0","templateId":"@3","deployTime":1691329472000,"hasParameters":false,"valid":true,"fixedConnection":true,"hasParametersDeployed":false,"fixedConnectionDeployed":true,"isSchemaValidationEnabled":false,"tasks":0,"mappingPreviewFileRecordId":"@2","documentType":"MAPPING","references":[{"@type":"reference","refObjectId":"@byRlTO0KtgEk5Hosb0fZQF","refType":"connection"},{"@type":"reference","refObjectId":"@34hKrdkR3Iwjf1LyQVpaCT","refType":"connection"}]}]