[{"@type":"mappingTemplate","id":"@1","name":"rest2.0_src_trg","description":"new","bundleVersion":"0","templateId":"@3","deployTime":1695055459000,"hasParameters":false,"valid":true,"fixedConnection":true,"hasParametersDeployed":false,"fixedConnectionDeployed":true,"isSchemaValidationEnabled":false,"tasks":0,"mappingPreviewFileRecordId":"@2","documentType":"MAPPING","references":[{"@type":"reference","refObjectId":"@byRlTO0KtgEk5Hosb0fZQF","refType":"connection"},{"@type":"reference","refObjectId":"@8C8CdZp5241ihLW9p2bx0L","refType":"connection"}]}]