[{"@type":"mappingTemplate","id":"@1","name":"rest2_websevice","description":"","bundleVersion":"0","templateId":"@3","deployTime":1691332221000,"hasParameters":false,"valid":true,"fixedConnection":true,"hasParametersDeployed":false,"fixedConnectionDeployed":true,"isSchemaValidationEnabled":false,"tasks":0,"mappingPreviewFileRecordId":"@2","documentType":"MAPPING","references":[{"@type":"reference","refObjectId":"@byRlTO0KtgEk5Hosb0fZQF","refType":"connection"},{"@type":"reference","refObjectId":"@dhgz8ghknMai0LKvfuSZWV@Oauth2.0","refType":"businessOperation"},{"@type":"reference","refObjectId":"@dhgz8ghknMai0LKvfuSZWV","refType":"businessService"}]}]